rank,registry_variant_id,diagnostic_score,strategy_profile,order_latency_ms,cancel_latency_ms,fill_count,quote_fill_probability,fills_per_quote_request,fills_per_arrived_order,avg_spread_captured,adverse_fill_rate_1s,avg_markout_1s,markout_by_fill_source,inventory_stdev,max_drawdown,fill_from_top_rate,avg_queue_ahead_lots,queue_fill_count,max_queue_ahead_lots,resting_arrival_queue_samples,arrival_with_queue_ahead_count,avg_arrival_queue_ahead_lots,max_arrival_queue_ahead_lots,avg_fill_wait_ms,fill_source_counts,order_lifecycle_counts,self_trade_prevention_count,total_pnl,total_fees,kill_switch_triggered,kill_switch_reason
1,91f620c9cdcc648b,0.0,baseline,0.0,0.0,0,0.0,0.0,0.0,0.0,0.0,0.0,"{""agg_trade"": {""adverse_fill_rate_1s"": 0.0, ""adverse_samples"": 0, ""avg_markout_1s"": 0.0, ""qty"": 0.0, ""samples"": 0}, ""depth_update"": {""adverse_fill_rate_1s"": 0.0, ""adverse_samples"": 0, ""avg_markout_1s"": 0.0, ""qty"": 0.0, ""samples"": 0}, ""taker_order"": {""adverse_fill_rate_1s"": 0.0, ""adverse_samples"": 0, ""avg_markout_1s"": 0.0, ""qty"": 0.0, ""samples"": 0}}",0.0,0.0,0.0,0.0,0,0,2,2,1.5,2,0.0,"{""agg_trade"": 0, ""depth_update"": 0, ""taker_order"": 0}","{""arrival_scheduled"": 2, ""arrived"": 2, ""cancel_acknowledged"": 0, ""cancel_requested"": 0, ""expired_unfilled_arrivals"": 0, ""immediate_fill_arrivals"": 0, ""rested_after_arrival"": 2, ""self_trade_prevented"": 0}",0,0.0,0.0,False,
2,b25b658d0574d3c4,-0.1,baseline,0.0,10.0,0,0.0,0.0,0.0,0.0,0.0,0.0,"{""agg_trade"": {""adverse_fill_rate_1s"": 0.0, ""adverse_samples"": 0, ""avg_markout_1s"": 0.0, ""qty"": 0.0, ""samples"": 0}, ""depth_update"": {""adverse_fill_rate_1s"": 0.0, ""adverse_samples"": 0, ""avg_markout_1s"": 0.0, ""qty"": 0.0, ""samples"": 0}, ""taker_order"": {""adverse_fill_rate_1s"": 0.0, ""adverse_samples"": 0, ""avg_markout_1s"": 0.0, ""qty"": 0.0, ""samples"": 0}}",0.0,0.0,0.0,0.0,0,0,2,2,1.5,2,0.0,"{""agg_trade"": 0, ""depth_update"": 0, ""taker_order"": 0}","{""arrival_scheduled"": 2, ""arrived"": 2, ""cancel_acknowledged"": 0, ""cancel_requested"": 0, ""expired_unfilled_arrivals"": 0, ""immediate_fill_arrivals"": 0, ""rested_after_arrival"": 2, ""self_trade_prevented"": 0}",0,0.0,0.0,False,
3,183d5308bbfe3829,-0.1,baseline,10.0,0.0,0,0.0,0.0,0.0,0.0,0.0,0.0,"{""agg_trade"": {""adverse_fill_rate_1s"": 0.0, ""adverse_samples"": 0, ""avg_markout_1s"": 0.0, ""qty"": 0.0, ""samples"": 0}, ""depth_update"": {""adverse_fill_rate_1s"": 0.0, ""adverse_samples"": 0, ""avg_markout_1s"": 0.0, ""qty"": 0.0, ""samples"": 0}, ""taker_order"": {""adverse_fill_rate_1s"": 0.0, ""adverse_samples"": 0, ""avg_markout_1s"": 0.0, ""qty"": 0.0, ""samples"": 0}}",0.0,0.0,0.0,0.0,0,0,2,2,1.5,2,0.0,"{""agg_trade"": 0, ""depth_update"": 0, ""taker_order"": 0}","{""arrival_scheduled"": 2, ""arrived"": 2, ""cancel_acknowledged"": 0, ""cancel_requested"": 0, ""expired_unfilled_arrivals"": 0, ""immediate_fill_arrivals"": 0, ""rested_after_arrival"": 2, ""self_trade_prevented"": 0}",0,0.0,0.0,False,
4,53db1b3e2fb6c484,-0.2,baseline,10.0,10.0,0,0.0,0.0,0.0,0.0,0.0,0.0,"{""agg_trade"": {""adverse_fill_rate_1s"": 0.0, ""adverse_samples"": 0, ""avg_markout_1s"": 0.0, ""qty"": 0.0, ""samples"": 0}, ""depth_update"": {""adverse_fill_rate_1s"": 0.0, ""adverse_samples"": 0, ""avg_markout_1s"": 0.0, ""qty"": 0.0, ""samples"": 0}, ""taker_order"": {""adverse_fill_rate_1s"": 0.0, ""adverse_samples"": 0, ""avg_markout_1s"": 0.0, ""qty"": 0.0, ""samples"": 0}}",0.0,0.0,0.0,0.0,0,0,2,2,1.5,2,0.0,"{""agg_trade"": 0, ""depth_update"": 0, ""taker_order"": 0}","{""arrival_scheduled"": 2, ""arrived"": 2, ""cancel_acknowledged"": 0, ""cancel_requested"": 0, ""expired_unfilled_arrivals"": 0, ""immediate_fill_arrivals"": 0, ""rested_after_arrival"": 2, ""self_trade_prevented"": 0}",0,0.0,0.0,False,
5,df76abc7dec4b50a,-0.5,baseline,0.0,50.0,0,0.0,0.0,0.0,0.0,0.0,0.0,"{""agg_trade"": {""adverse_fill_rate_1s"": 0.0, ""adverse_samples"": 0, ""avg_markout_1s"": 0.0, ""qty"": 0.0, ""samples"": 0}, ""depth_update"": {""adverse_fill_rate_1s"": 0.0, ""adverse_samples"": 0, ""avg_markout_1s"": 0.0, ""qty"": 0.0, ""samples"": 0}, ""taker_order"": {""adverse_fill_rate_1s"": 0.0, ""adverse_samples"": 0, ""avg_markout_1s"": 0.0, ""qty"": 0.0, ""samples"": 0}}",0.0,0.0,0.0,0.0,0,0,2,2,1.5,2,0.0,"{""agg_trade"": 0, ""depth_update"": 0, ""taker_order"": 0}","{""arrival_scheduled"": 2, ""arrived"": 2, ""cancel_acknowledged"": 0, ""cancel_requested"": 0, ""expired_unfilled_arrivals"": 0, ""immediate_fill_arrivals"": 0, ""rested_after_arrival"": 2, ""self_trade_prevented"": 0}",0,0.0,0.0,False,
6,d5ed6bc528e01682,-0.5,baseline,50.0,0.0,0,0.0,0.0,0.0,0.0,0.0,0.0,"{""agg_trade"": {""adverse_fill_rate_1s"": 0.0, ""adverse_samples"": 0, ""avg_markout_1s"": 0.0, ""qty"": 0.0, ""samples"": 0}, ""depth_update"": {""adverse_fill_rate_1s"": 0.0, ""adverse_samples"": 0, ""avg_markout_1s"": 0.0, ""qty"": 0.0, ""samples"": 0}, ""taker_order"": {""adverse_fill_rate_1s"": 0.0, ""adverse_samples"": 0, ""avg_markout_1s"": 0.0, ""qty"": 0.0, ""samples"": 0}}",0.0,0.0,0.0,0.0,0,0,1,1,17.0,17,0.0,"{""agg_trade"": 0, ""depth_update"": 0, ""taker_order"": 0}","{""arrival_scheduled"": 2, ""arrived"": 2, ""cancel_acknowledged"": 0, ""cancel_requested"": 0, ""expired_unfilled_arrivals"": 1, ""immediate_fill_arrivals"": 0, ""rested_after_arrival"": 1, ""self_trade_prevented"": 0}",0,0.0,0.0,False,
7,08828409f513aa2e,-0.6,baseline,10.0,50.0,0,0.0,0.0,0.0,0.0,0.0,0.0,"{""agg_trade"": {""adverse_fill_rate_1s"": 0.0, ""adverse_samples"": 0, ""avg_markout_1s"": 0.0, ""qty"": 0.0, ""samples"": 0}, ""depth_update"": {""adverse_fill_rate_1s"": 0.0, ""adverse_samples"": 0, ""avg_markout_1s"": 0.0, ""qty"": 0.0, ""samples"": 0}, ""taker_order"": {""adverse_fill_rate_1s"": 0.0, ""adverse_samples"": 0, ""avg_markout_1s"": 0.0, ""qty"": 0.0, ""samples"": 0}}",0.0,0.0,0.0,0.0,0,0,2,2,1.5,2,0.0,"{""agg_trade"": 0, ""depth_update"": 0, ""taker_order"": 0}","{""arrival_scheduled"": 2, ""arrived"": 2, ""cancel_acknowledged"": 0, ""cancel_requested"": 0, ""expired_unfilled_arrivals"": 0, ""immediate_fill_arrivals"": 0, ""rested_after_arrival"": 2, ""self_trade_prevented"": 0}",0,0.0,0.0,False,
8,6652fd73b276b85f,-0.6,baseline,50.0,10.0,0,0.0,0.0,0.0,0.0,0.0,0.0,"{""agg_trade"": {""adverse_fill_rate_1s"": 0.0, ""adverse_samples"": 0, ""avg_markout_1s"": 0.0, ""qty"": 0.0, ""samples"": 0}, ""depth_update"": {""adverse_fill_rate_1s"": 0.0, ""adverse_samples"": 0, ""avg_markout_1s"": 0.0, ""qty"": 0.0, ""samples"": 0}, ""taker_order"": {""adverse_fill_rate_1s"": 0.0, ""adverse_samples"": 0, ""avg_markout_1s"": 0.0, ""qty"": 0.0, ""samples"": 0}}",0.0,0.0,0.0,0.0,0,0,1,1,17.0,17,0.0,"{""agg_trade"": 0, ""depth_update"": 0, ""taker_order"": 0}","{""arrival_scheduled"": 2, ""arrived"": 2, ""cancel_acknowledged"": 0, ""cancel_requested"": 0, ""expired_unfilled_arrivals"": 1, ""immediate_fill_arrivals"": 0, ""rested_after_arrival"": 1, ""self_trade_prevented"": 0}",0,0.0,0.0,False,
9,19b9e7102c18620c,-1.0,baseline,50.0,50.0,0,0.0,0.0,0.0,0.0,0.0,0.0,"{""agg_trade"": {""adverse_fill_rate_1s"": 0.0, ""adverse_samples"": 0, ""avg_markout_1s"": 0.0, ""qty"": 0.0, ""samples"": 0}, ""depth_update"": {""adverse_fill_rate_1s"": 0.0, ""adverse_samples"": 0, ""avg_markout_1s"": 0.0, ""qty"": 0.0, ""samples"": 0}, ""taker_order"": {""adverse_fill_rate_1s"": 0.0, ""adverse_samples"": 0, ""avg_markout_1s"": 0.0, ""qty"": 0.0, ""samples"": 0}}",0.0,0.0,0.0,0.0,0,0,1,1,17.0,17,0.0,"{""agg_trade"": 0, ""depth_update"": 0, ""taker_order"": 0}","{""arrival_scheduled"": 2, ""arrived"": 2, ""cancel_acknowledged"": 0, ""cancel_requested"": 0, ""expired_unfilled_arrivals"": 1, ""immediate_fill_arrivals"": 0, ""rested_after_arrival"": 1, ""self_trade_prevented"": 0}",0,0.0,0.0,False,
