rank,registry_variant_id,diagnostic_score,strategy_profile,half_spread_bps,queue_repost_lots,fill_count,quote_fill_probability,fills_per_quote_request,fills_per_arrived_order,avg_spread_captured,adverse_fill_rate_1s,avg_markout_1s,markout_by_fill_source,inventory_stdev,max_drawdown,fill_from_top_rate,avg_queue_ahead_lots,queue_fill_count,max_queue_ahead_lots,resting_arrival_queue_samples,arrival_with_queue_ahead_count,avg_arrival_queue_ahead_lots,max_arrival_queue_ahead_lots,avg_fill_wait_ms,fill_source_counts,order_lifecycle_counts,self_trade_prevention_count,total_pnl,total_fees,kill_switch_triggered,kill_switch_reason
1,d9c9286e2cb94f34,-0.0005,layered_mm,0.10,0,0,0.0,0.0,0.0,0.0,0.0,0.0,"{""agg_trade"": {""adverse_fill_rate_1s"": 0.0, ""adverse_samples"": 0, ""avg_markout_1s"": 0.0, ""qty"": 0.0, ""samples"": 0}, ""depth_update"": {""adverse_fill_rate_1s"": 0.0, ""adverse_samples"": 0, ""avg_markout_1s"": 0.0, ""qty"": 0.0, ""samples"": 0}, ""taker_order"": {""adverse_fill_rate_1s"": 0.0, ""adverse_samples"": 0, ""avg_markout_1s"": 0.0, ""qty"": 0.0, ""samples"": 0}}",0.0,0.0,0.0,0.0,0,0,4,2,1.0,2,0.0,"{""agg_trade"": 0, ""depth_update"": 0, ""taker_order"": 0}","{""arrival_scheduled"": 4, ""arrived"": 4, ""cancel_acknowledged"": 0, ""cancel_requested"": 0, ""expired_unfilled_arrivals"": 0, ""immediate_fill_arrivals"": 0, ""rested_after_arrival"": 4, ""self_trade_prevented"": 0}",0,0.0,0.0,False,
2,272ce8aef1c46630,-0.0005,layered_mm,0.10,5,0,0.0,0.0,0.0,0.0,0.0,0.0,"{""agg_trade"": {""adverse_fill_rate_1s"": 0.0, ""adverse_samples"": 0, ""avg_markout_1s"": 0.0, ""qty"": 0.0, ""samples"": 0}, ""depth_update"": {""adverse_fill_rate_1s"": 0.0, ""adverse_samples"": 0, ""avg_markout_1s"": 0.0, ""qty"": 0.0, ""samples"": 0}, ""taker_order"": {""adverse_fill_rate_1s"": 0.0, ""adverse_samples"": 0, ""avg_markout_1s"": 0.0, ""qty"": 0.0, ""samples"": 0}}",0.0,0.0,0.0,0.0,0,0,4,2,1.0,2,0.0,"{""agg_trade"": 0, ""depth_update"": 0, ""taker_order"": 0}","{""arrival_scheduled"": 4, ""arrived"": 4, ""cancel_acknowledged"": 0, ""cancel_requested"": 0, ""expired_unfilled_arrivals"": 0, ""immediate_fill_arrivals"": 0, ""rested_after_arrival"": 4, ""self_trade_prevented"": 0}",0,0.0,0.0,False,
3,a0ae6dcaad5b3f58,-0.0005,layered_mm,0.10,99,0,0.0,0.0,0.0,0.0,0.0,0.0,"{""agg_trade"": {""adverse_fill_rate_1s"": 0.0, ""adverse_samples"": 0, ""avg_markout_1s"": 0.0, ""qty"": 0.0, ""samples"": 0}, ""depth_update"": {""adverse_fill_rate_1s"": 0.0, ""adverse_samples"": 0, ""avg_markout_1s"": 0.0, ""qty"": 0.0, ""samples"": 0}, ""taker_order"": {""adverse_fill_rate_1s"": 0.0, ""adverse_samples"": 0, ""avg_markout_1s"": 0.0, ""qty"": 0.0, ""samples"": 0}}",0.0,0.0,0.0,0.0,0,0,4,2,1.0,2,0.0,"{""agg_trade"": 0, ""depth_update"": 0, ""taker_order"": 0}","{""arrival_scheduled"": 4, ""arrived"": 4, ""cancel_acknowledged"": 0, ""cancel_requested"": 0, ""expired_unfilled_arrivals"": 0, ""immediate_fill_arrivals"": 0, ""rested_after_arrival"": 4, ""self_trade_prevented"": 0}",0,0.0,0.0,False,
4,402df13776cd92a5,-0.00075,baseline,0.05,0,0,0.0,0.0,0.0,0.0,0.0,0.0,"{""agg_trade"": {""adverse_fill_rate_1s"": 0.0, ""adverse_samples"": 0, ""avg_markout_1s"": 0.0, ""qty"": 0.0, ""samples"": 0}, ""depth_update"": {""adverse_fill_rate_1s"": 0.0, ""adverse_samples"": 0, ""avg_markout_1s"": 0.0, ""qty"": 0.0, ""samples"": 0}, ""taker_order"": {""adverse_fill_rate_1s"": 0.0, ""adverse_samples"": 0, ""avg_markout_1s"": 0.0, ""qty"": 0.0, ""samples"": 0}}",0.0,0.0,0.0,0.0,0,0,2,2,1.5,2,0.0,"{""agg_trade"": 0, ""depth_update"": 0, ""taker_order"": 0}","{""arrival_scheduled"": 2, ""arrived"": 2, ""cancel_acknowledged"": 0, ""cancel_requested"": 0, ""expired_unfilled_arrivals"": 0, ""immediate_fill_arrivals"": 0, ""rested_after_arrival"": 2, ""self_trade_prevented"": 0}",0,0.0,0.0,False,
5,d682a1eeea338362,-0.00075,baseline,0.05,5,0,0.0,0.0,0.0,0.0,0.0,0.0,"{""agg_trade"": {""adverse_fill_rate_1s"": 0.0, ""adverse_samples"": 0, ""avg_markout_1s"": 0.0, ""qty"": 0.0, ""samples"": 0}, ""depth_update"": {""adverse_fill_rate_1s"": 0.0, ""adverse_samples"": 0, ""avg_markout_1s"": 0.0, ""qty"": 0.0, ""samples"": 0}, ""taker_order"": {""adverse_fill_rate_1s"": 0.0, ""adverse_samples"": 0, ""avg_markout_1s"": 0.0, ""qty"": 0.0, ""samples"": 0}}",0.0,0.0,0.0,0.0,0,0,2,2,1.5,2,0.0,"{""agg_trade"": 0, ""depth_update"": 0, ""taker_order"": 0}","{""arrival_scheduled"": 2, ""arrived"": 2, ""cancel_acknowledged"": 0, ""cancel_requested"": 0, ""expired_unfilled_arrivals"": 0, ""immediate_fill_arrivals"": 0, ""rested_after_arrival"": 2, ""self_trade_prevented"": 0}",0,0.0,0.0,False,
6,b0bb978ef166c779,-0.00075,baseline,0.05,99,0,0.0,0.0,0.0,0.0,0.0,0.0,"{""agg_trade"": {""adverse_fill_rate_1s"": 0.0, ""adverse_samples"": 0, ""avg_markout_1s"": 0.0, ""qty"": 0.0, ""samples"": 0}, ""depth_update"": {""adverse_fill_rate_1s"": 0.0, ""adverse_samples"": 0, ""avg_markout_1s"": 0.0, ""qty"": 0.0, ""samples"": 0}, ""taker_order"": {""adverse_fill_rate_1s"": 0.0, ""adverse_samples"": 0, ""avg_markout_1s"": 0.0, ""qty"": 0.0, ""samples"": 0}}",0.0,0.0,0.0,0.0,0,0,2,2,1.5,2,0.0,"{""agg_trade"": 0, ""depth_update"": 0, ""taker_order"": 0}","{""arrival_scheduled"": 2, ""arrived"": 2, ""cancel_acknowledged"": 0, ""cancel_requested"": 0, ""expired_unfilled_arrivals"": 0, ""immediate_fill_arrivals"": 0, ""rested_after_arrival"": 2, ""self_trade_prevented"": 0}",0,0.0,0.0,False,
7,22d4da84a229cbe3,-0.000875,layered_mm,0.05,0,0,0.0,0.0,0.0,0.0,0.0,0.0,"{""agg_trade"": {""adverse_fill_rate_1s"": 0.0, ""adverse_samples"": 0, ""avg_markout_1s"": 0.0, ""qty"": 0.0, ""samples"": 0}, ""depth_update"": {""adverse_fill_rate_1s"": 0.0, ""adverse_samples"": 0, ""avg_markout_1s"": 0.0, ""qty"": 0.0, ""samples"": 0}, ""taker_order"": {""adverse_fill_rate_1s"": 0.0, ""adverse_samples"": 0, ""avg_markout_1s"": 0.0, ""qty"": 0.0, ""samples"": 0}}",0.0,0.0,0.0,0.0,0,0,4,2,1.75,6,0.0,"{""agg_trade"": 0, ""depth_update"": 0, ""taker_order"": 0}","{""arrival_scheduled"": 4, ""arrived"": 4, ""cancel_acknowledged"": 0, ""cancel_requested"": 0, ""expired_unfilled_arrivals"": 0, ""immediate_fill_arrivals"": 0, ""rested_after_arrival"": 4, ""self_trade_prevented"": 0}",0,0.0,0.0,False,
8,27692b2d3a99461d,-0.000875,layered_mm,0.05,5,0,0.0,0.0,0.0,0.0,0.0,0.0,"{""agg_trade"": {""adverse_fill_rate_1s"": 0.0, ""adverse_samples"": 0, ""avg_markout_1s"": 0.0, ""qty"": 0.0, ""samples"": 0}, ""depth_update"": {""adverse_fill_rate_1s"": 0.0, ""adverse_samples"": 0, ""avg_markout_1s"": 0.0, ""qty"": 0.0, ""samples"": 0}, ""taker_order"": {""adverse_fill_rate_1s"": 0.0, ""adverse_samples"": 0, ""avg_markout_1s"": 0.0, ""qty"": 0.0, ""samples"": 0}}",0.0,0.0,0.0,0.0,0,0,4,2,1.75,6,0.0,"{""agg_trade"": 0, ""depth_update"": 0, ""taker_order"": 0}","{""arrival_scheduled"": 4, ""arrived"": 4, ""cancel_acknowledged"": 0, ""cancel_requested"": 0, ""expired_unfilled_arrivals"": 0, ""immediate_fill_arrivals"": 0, ""rested_after_arrival"": 4, ""self_trade_prevented"": 0}",0,0.0,0.0,False,
9,ea8674ca9083f53b,-0.000875,layered_mm,0.05,99,0,0.0,0.0,0.0,0.0,0.0,0.0,"{""agg_trade"": {""adverse_fill_rate_1s"": 0.0, ""adverse_samples"": 0, ""avg_markout_1s"": 0.0, ""qty"": 0.0, ""samples"": 0}, ""depth_update"": {""adverse_fill_rate_1s"": 0.0, ""adverse_samples"": 0, ""avg_markout_1s"": 0.0, ""qty"": 0.0, ""samples"": 0}, ""taker_order"": {""adverse_fill_rate_1s"": 0.0, ""adverse_samples"": 0, ""avg_markout_1s"": 0.0, ""qty"": 0.0, ""samples"": 0}}",0.0,0.0,0.0,0.0,0,0,4,2,1.75,6,0.0,"{""agg_trade"": 0, ""depth_update"": 0, ""taker_order"": 0}","{""arrival_scheduled"": 4, ""arrived"": 4, ""cancel_acknowledged"": 0, ""cancel_requested"": 0, ""expired_unfilled_arrivals"": 0, ""immediate_fill_arrivals"": 0, ""rested_after_arrival"": 4, ""self_trade_prevented"": 0}",0,0.0,0.0,False,
10,68128faa9163db4d,-0.001,baseline,0.10,0,0,0.0,0.0,0.0,0.0,0.0,0.0,"{""agg_trade"": {""adverse_fill_rate_1s"": 0.0, ""adverse_samples"": 0, ""avg_markout_1s"": 0.0, ""qty"": 0.0, ""samples"": 0}, ""depth_update"": {""adverse_fill_rate_1s"": 0.0, ""adverse_samples"": 0, ""avg_markout_1s"": 0.0, ""qty"": 0.0, ""samples"": 0}, ""taker_order"": {""adverse_fill_rate_1s"": 0.0, ""adverse_samples"": 0, ""avg_markout_1s"": 0.0, ""qty"": 0.0, ""samples"": 0}}",0.0,0.0,0.0,0.0,0,0,2,2,2.0,2,0.0,"{""agg_trade"": 0, ""depth_update"": 0, ""taker_order"": 0}","{""arrival_scheduled"": 2, ""arrived"": 2, ""cancel_acknowledged"": 0, ""cancel_requested"": 0, ""expired_unfilled_arrivals"": 0, ""immediate_fill_arrivals"": 0, ""rested_after_arrival"": 2, ""self_trade_prevented"": 0}",0,0.0,0.0,False,
11,42538c0369b8a124,-0.001,baseline,0.10,5,0,0.0,0.0,0.0,0.0,0.0,0.0,"{""agg_trade"": {""adverse_fill_rate_1s"": 0.0, ""adverse_samples"": 0, ""avg_markout_1s"": 0.0, ""qty"": 0.0, ""samples"": 0}, ""depth_update"": {""adverse_fill_rate_1s"": 0.0, ""adverse_samples"": 0, ""avg_markout_1s"": 0.0, ""qty"": 0.0, ""samples"": 0}, ""taker_order"": {""adverse_fill_rate_1s"": 0.0, ""adverse_samples"": 0, ""avg_markout_1s"": 0.0, ""qty"": 0.0, ""samples"": 0}}",0.0,0.0,0.0,0.0,0,0,2,2,2.0,2,0.0,"{""agg_trade"": 0, ""depth_update"": 0, ""taker_order"": 0}","{""arrival_scheduled"": 2, ""arrived"": 2, ""cancel_acknowledged"": 0, ""cancel_requested"": 0, ""expired_unfilled_arrivals"": 0, ""immediate_fill_arrivals"": 0, ""rested_after_arrival"": 2, ""self_trade_prevented"": 0}",0,0.0,0.0,False,
12,7fc61945ccc690ef,-0.001,baseline,0.10,99,0,0.0,0.0,0.0,0.0,0.0,0.0,"{""agg_trade"": {""adverse_fill_rate_1s"": 0.0, ""adverse_samples"": 0, ""avg_markout_1s"": 0.0, ""qty"": 0.0, ""samples"": 0}, ""depth_update"": {""adverse_fill_rate_1s"": 0.0, ""adverse_samples"": 0, ""avg_markout_1s"": 0.0, ""qty"": 0.0, ""samples"": 0}, ""taker_order"": {""adverse_fill_rate_1s"": 0.0, ""adverse_samples"": 0, ""avg_markout_1s"": 0.0, ""qty"": 0.0, ""samples"": 0}}",0.0,0.0,0.0,0.0,0,0,2,2,2.0,2,0.0,"{""agg_trade"": 0, ""depth_update"": 0, ""taker_order"": 0}","{""arrival_scheduled"": 2, ""arrived"": 2, ""cancel_acknowledged"": 0, ""cancel_requested"": 0, ""expired_unfilled_arrivals"": 0, ""immediate_fill_arrivals"": 0, ""rested_after_arrival"": 2, ""self_trade_prevented"": 0}",0,0.0,0.0,False,
13,756958ac67e5b583,-0.0011250000000000001,layered_mm,0.25,0,0,0.0,0.0,0.0,0.0,0.0,0.0,"{""agg_trade"": {""adverse_fill_rate_1s"": 0.0, ""adverse_samples"": 0, ""avg_markout_1s"": 0.0, ""qty"": 0.0, ""samples"": 0}, ""depth_update"": {""adverse_fill_rate_1s"": 0.0, ""adverse_samples"": 0, ""avg_markout_1s"": 0.0, ""qty"": 0.0, ""samples"": 0}, ""taker_order"": {""adverse_fill_rate_1s"": 0.0, ""adverse_samples"": 0, ""avg_markout_1s"": 0.0, ""qty"": 0.0, ""samples"": 0}}",0.0,0.0,0.0,0.0,0,0,4,3,2.25,3,0.0,"{""agg_trade"": 0, ""depth_update"": 0, ""taker_order"": 0}","{""arrival_scheduled"": 4, ""arrived"": 4, ""cancel_acknowledged"": 0, ""cancel_requested"": 0, ""expired_unfilled_arrivals"": 0, ""immediate_fill_arrivals"": 0, ""rested_after_arrival"": 4, ""self_trade_prevented"": 0}",0,0.0,0.0,False,
14,ef6dbedba7831a63,-0.0011250000000000001,layered_mm,0.25,5,0,0.0,0.0,0.0,0.0,0.0,0.0,"{""agg_trade"": {""adverse_fill_rate_1s"": 0.0, ""adverse_samples"": 0, ""avg_markout_1s"": 0.0, ""qty"": 0.0, ""samples"": 0}, ""depth_update"": {""adverse_fill_rate_1s"": 0.0, ""adverse_samples"": 0, ""avg_markout_1s"": 0.0, ""qty"": 0.0, ""samples"": 0}, ""taker_order"": {""adverse_fill_rate_1s"": 0.0, ""adverse_samples"": 0, ""avg_markout_1s"": 0.0, ""qty"": 0.0, ""samples"": 0}}",0.0,0.0,0.0,0.0,0,0,4,3,2.25,3,0.0,"{""agg_trade"": 0, ""depth_update"": 0, ""taker_order"": 0}","{""arrival_scheduled"": 4, ""arrived"": 4, ""cancel_acknowledged"": 0, ""cancel_requested"": 0, ""expired_unfilled_arrivals"": 0, ""immediate_fill_arrivals"": 0, ""rested_after_arrival"": 4, ""self_trade_prevented"": 0}",0,0.0,0.0,False,
15,3e75e024576fbf37,-0.0011250000000000001,layered_mm,0.25,99,0,0.0,0.0,0.0,0.0,0.0,0.0,"{""agg_trade"": {""adverse_fill_rate_1s"": 0.0, ""adverse_samples"": 0, ""avg_markout_1s"": 0.0, ""qty"": 0.0, ""samples"": 0}, ""depth_update"": {""adverse_fill_rate_1s"": 0.0, ""adverse_samples"": 0, ""avg_markout_1s"": 0.0, ""qty"": 0.0, ""samples"": 0}, ""taker_order"": {""adverse_fill_rate_1s"": 0.0, ""adverse_samples"": 0, ""avg_markout_1s"": 0.0, ""qty"": 0.0, ""samples"": 0}}",0.0,0.0,0.0,0.0,0,0,4,3,2.25,3,0.0,"{""agg_trade"": 0, ""depth_update"": 0, ""taker_order"": 0}","{""arrival_scheduled"": 4, ""arrived"": 4, ""cancel_acknowledged"": 0, ""cancel_requested"": 0, ""expired_unfilled_arrivals"": 0, ""immediate_fill_arrivals"": 0, ""rested_after_arrival"": 4, ""self_trade_prevented"": 0}",0,0.0,0.0,False,
16,674bd8d93c531319,-0.0022500000000000003,baseline,0.25,0,0,0.0,0.0,0.0,0.0,0.0,0.0,"{""agg_trade"": {""adverse_fill_rate_1s"": 0.0, ""adverse_samples"": 0, ""avg_markout_1s"": 0.0, ""qty"": 0.0, ""samples"": 0}, ""depth_update"": {""adverse_fill_rate_1s"": 0.0, ""adverse_samples"": 0, ""avg_markout_1s"": 0.0, ""qty"": 0.0, ""samples"": 0}, ""taker_order"": {""adverse_fill_rate_1s"": 0.0, ""adverse_samples"": 0, ""avg_markout_1s"": 0.0, ""qty"": 0.0, ""samples"": 0}}",0.0,0.0,0.0,0.0,0,0,2,2,4.5,6,0.0,"{""agg_trade"": 0, ""depth_update"": 0, ""taker_order"": 0}","{""arrival_scheduled"": 2, ""arrived"": 2, ""cancel_acknowledged"": 0, ""cancel_requested"": 0, ""expired_unfilled_arrivals"": 0, ""immediate_fill_arrivals"": 0, ""rested_after_arrival"": 2, ""self_trade_prevented"": 0}",0,0.0,0.0,False,
17,ef79f7c26269c9ca,-0.0022500000000000003,baseline,0.25,5,0,0.0,0.0,0.0,0.0,0.0,0.0,"{""agg_trade"": {""adverse_fill_rate_1s"": 0.0, ""adverse_samples"": 0, ""avg_markout_1s"": 0.0, ""qty"": 0.0, ""samples"": 0}, ""depth_update"": {""adverse_fill_rate_1s"": 0.0, ""adverse_samples"": 0, ""avg_markout_1s"": 0.0, ""qty"": 0.0, ""samples"": 0}, ""taker_order"": {""adverse_fill_rate_1s"": 0.0, ""adverse_samples"": 0, ""avg_markout_1s"": 0.0, ""qty"": 0.0, ""samples"": 0}}",0.0,0.0,0.0,0.0,0,0,2,2,4.5,6,0.0,"{""agg_trade"": 0, ""depth_update"": 0, ""taker_order"": 0}","{""arrival_scheduled"": 2, ""arrived"": 2, ""cancel_acknowledged"": 0, ""cancel_requested"": 0, ""expired_unfilled_arrivals"": 0, ""immediate_fill_arrivals"": 0, ""rested_after_arrival"": 2, ""self_trade_prevented"": 0}",0,0.0,0.0,False,
18,9ae1caa178ac18d6,-0.0022500000000000003,baseline,0.25,99,0,0.0,0.0,0.0,0.0,0.0,0.0,"{""agg_trade"": {""adverse_fill_rate_1s"": 0.0, ""adverse_samples"": 0, ""avg_markout_1s"": 0.0, ""qty"": 0.0, ""samples"": 0}, ""depth_update"": {""adverse_fill_rate_1s"": 0.0, ""adverse_samples"": 0, ""avg_markout_1s"": 0.0, ""qty"": 0.0, ""samples"": 0}, ""taker_order"": {""adverse_fill_rate_1s"": 0.0, ""adverse_samples"": 0, ""avg_markout_1s"": 0.0, ""qty"": 0.0, ""samples"": 0}}",0.0,0.0,0.0,0.0,0,0,2,2,4.5,6,0.0,"{""agg_trade"": 0, ""depth_update"": 0, ""taker_order"": 0}","{""arrival_scheduled"": 2, ""arrived"": 2, ""cancel_acknowledged"": 0, ""cancel_requested"": 0, ""expired_unfilled_arrivals"": 0, ""immediate_fill_arrivals"": 0, ""rested_after_arrival"": 2, ""self_trade_prevented"": 0}",0,0.0,0.0,False,
19,ed013e8ed847a780,-0.034625,research_mm,0.05,0,0,0.0,0.0,0.0,0.0,0.0,0.0,"{""agg_trade"": {""adverse_fill_rate_1s"": 0.0, ""adverse_samples"": 0, ""avg_markout_1s"": 0.0, ""qty"": 0.0, ""samples"": 0}, ""depth_update"": {""adverse_fill_rate_1s"": 0.0, ""adverse_samples"": 0, ""avg_markout_1s"": 0.0, ""qty"": 0.0, ""samples"": 0}, ""taker_order"": {""adverse_fill_rate_1s"": 0.0, ""adverse_samples"": 0, ""avg_markout_1s"": 0.0, ""qty"": 0.0, ""samples"": 0}}",0.0,0.0,0.0,0.0,0,0,4,4,69.25,163,0.0,"{""agg_trade"": 0, ""depth_update"": 0, ""taker_order"": 0}","{""arrival_scheduled"": 4, ""arrived"": 4, ""cancel_acknowledged"": 0, ""cancel_requested"": 0, ""expired_unfilled_arrivals"": 0, ""immediate_fill_arrivals"": 0, ""rested_after_arrival"": 4, ""self_trade_prevented"": 0}",0,0.0,0.0,False,
20,00b0caf472d5bfaa,-0.034625,research_mm,0.05,5,0,0.0,0.0,0.0,0.0,0.0,0.0,"{""agg_trade"": {""adverse_fill_rate_1s"": 0.0, ""adverse_samples"": 0, ""avg_markout_1s"": 0.0, ""qty"": 0.0, ""samples"": 0}, ""depth_update"": {""adverse_fill_rate_1s"": 0.0, ""adverse_samples"": 0, ""avg_markout_1s"": 0.0, ""qty"": 0.0, ""samples"": 0}, ""taker_order"": {""adverse_fill_rate_1s"": 0.0, ""adverse_samples"": 0, ""avg_markout_1s"": 0.0, ""qty"": 0.0, ""samples"": 0}}",0.0,0.0,0.0,0.0,0,0,4,4,69.25,163,0.0,"{""agg_trade"": 0, ""depth_update"": 0, ""taker_order"": 0}","{""arrival_scheduled"": 4, ""arrived"": 4, ""cancel_acknowledged"": 0, ""cancel_requested"": 0, ""expired_unfilled_arrivals"": 0, ""immediate_fill_arrivals"": 0, ""rested_after_arrival"": 4, ""self_trade_prevented"": 0}",0,0.0,0.0,False,
21,e8699e81a4117618,-0.034625,research_mm,0.05,99,0,0.0,0.0,0.0,0.0,0.0,0.0,"{""agg_trade"": {""adverse_fill_rate_1s"": 0.0, ""adverse_samples"": 0, ""avg_markout_1s"": 0.0, ""qty"": 0.0, ""samples"": 0}, ""depth_update"": {""adverse_fill_rate_1s"": 0.0, ""adverse_samples"": 0, ""avg_markout_1s"": 0.0, ""qty"": 0.0, ""samples"": 0}, ""taker_order"": {""adverse_fill_rate_1s"": 0.0, ""adverse_samples"": 0, ""avg_markout_1s"": 0.0, ""qty"": 0.0, ""samples"": 0}}",0.0,0.0,0.0,0.0,0,0,4,4,69.25,163,0.0,"{""agg_trade"": 0, ""depth_update"": 0, ""taker_order"": 0}","{""arrival_scheduled"": 4, ""arrived"": 4, ""cancel_acknowledged"": 0, ""cancel_requested"": 0, ""expired_unfilled_arrivals"": 0, ""immediate_fill_arrivals"": 0, ""rested_after_arrival"": 4, ""self_trade_prevented"": 0}",0,0.0,0.0,False,
22,bb88831295a6f713,-0.09275,research_mm,0.10,0,0,0.0,0.0,0.0,0.0,0.0,0.0,"{""agg_trade"": {""adverse_fill_rate_1s"": 0.0, ""adverse_samples"": 0, ""avg_markout_1s"": 0.0, ""qty"": 0.0, ""samples"": 0}, ""depth_update"": {""adverse_fill_rate_1s"": 0.0, ""adverse_samples"": 0, ""avg_markout_1s"": 0.0, ""qty"": 0.0, ""samples"": 0}, ""taker_order"": {""adverse_fill_rate_1s"": 0.0, ""adverse_samples"": 0, ""avg_markout_1s"": 0.0, ""qty"": 0.0, ""samples"": 0}}",0.0,0.0,0.0,0.0,0,0,4,3,185.5,735,0.0,"{""agg_trade"": 0, ""depth_update"": 0, ""taker_order"": 0}","{""arrival_scheduled"": 4, ""arrived"": 4, ""cancel_acknowledged"": 0, ""cancel_requested"": 0, ""expired_unfilled_arrivals"": 0, ""immediate_fill_arrivals"": 0, ""rested_after_arrival"": 4, ""self_trade_prevented"": 0}",0,0.0,0.0,False,
23,922867c2725d7dd7,-0.09275,research_mm,0.10,5,0,0.0,0.0,0.0,0.0,0.0,0.0,"{""agg_trade"": {""adverse_fill_rate_1s"": 0.0, ""adverse_samples"": 0, ""avg_markout_1s"": 0.0, ""qty"": 0.0, ""samples"": 0}, ""depth_update"": {""adverse_fill_rate_1s"": 0.0, ""adverse_samples"": 0, ""avg_markout_1s"": 0.0, ""qty"": 0.0, ""samples"": 0}, ""taker_order"": {""adverse_fill_rate_1s"": 0.0, ""adverse_samples"": 0, ""avg_markout_1s"": 0.0, ""qty"": 0.0, ""samples"": 0}}",0.0,0.0,0.0,0.0,0,0,4,3,185.5,735,0.0,"{""agg_trade"": 0, ""depth_update"": 0, ""taker_order"": 0}","{""arrival_scheduled"": 4, ""arrived"": 4, ""cancel_acknowledged"": 0, ""cancel_requested"": 0, ""expired_unfilled_arrivals"": 0, ""immediate_fill_arrivals"": 0, ""rested_after_arrival"": 4, ""self_trade_prevented"": 0}",0,0.0,0.0,False,
24,3a264bbece47bbb3,-0.09275,research_mm,0.10,99,0,0.0,0.0,0.0,0.0,0.0,0.0,"{""agg_trade"": {""adverse_fill_rate_1s"": 0.0, ""adverse_samples"": 0, ""avg_markout_1s"": 0.0, ""qty"": 0.0, ""samples"": 0}, ""depth_update"": {""adverse_fill_rate_1s"": 0.0, ""adverse_samples"": 0, ""avg_markout_1s"": 0.0, ""qty"": 0.0, ""samples"": 0}, ""taker_order"": {""adverse_fill_rate_1s"": 0.0, ""adverse_samples"": 0, ""avg_markout_1s"": 0.0, ""qty"": 0.0, ""samples"": 0}}",0.0,0.0,0.0,0.0,0,0,4,3,185.5,735,0.0,"{""agg_trade"": 0, ""depth_update"": 0, ""taker_order"": 0}","{""arrival_scheduled"": 4, ""arrived"": 4, ""cancel_acknowledged"": 0, ""cancel_requested"": 0, ""expired_unfilled_arrivals"": 0, ""immediate_fill_arrivals"": 0, ""rested_after_arrival"": 4, ""self_trade_prevented"": 0}",0,0.0,0.0,False,
25,341767ff669121cc,-0.11275,research_mm,0.25,0,0,0.0,0.0,0.0,0.0,0.0,0.0,"{""agg_trade"": {""adverse_fill_rate_1s"": 0.0, ""adverse_samples"": 0, ""avg_markout_1s"": 0.0, ""qty"": 0.0, ""samples"": 0}, ""depth_update"": {""adverse_fill_rate_1s"": 0.0, ""adverse_samples"": 0, ""avg_markout_1s"": 0.0, ""qty"": 0.0, ""samples"": 0}, ""taker_order"": {""adverse_fill_rate_1s"": 0.0, ""adverse_samples"": 0, ""avg_markout_1s"": 0.0, ""qty"": 0.0, ""samples"": 0}}",0.0,0.0,0.0,0.0,0,0,4,2,225.5,848,0.0,"{""agg_trade"": 0, ""depth_update"": 0, ""taker_order"": 0}","{""arrival_scheduled"": 4, ""arrived"": 4, ""cancel_acknowledged"": 0, ""cancel_requested"": 0, ""expired_unfilled_arrivals"": 0, ""immediate_fill_arrivals"": 0, ""rested_after_arrival"": 4, ""self_trade_prevented"": 0}",0,0.0,0.0,False,
26,16a38d52ed554d59,-0.11275,research_mm,0.25,5,0,0.0,0.0,0.0,0.0,0.0,0.0,"{""agg_trade"": {""adverse_fill_rate_1s"": 0.0, ""adverse_samples"": 0, ""avg_markout_1s"": 0.0, ""qty"": 0.0, ""samples"": 0}, ""depth_update"": {""adverse_fill_rate_1s"": 0.0, ""adverse_samples"": 0, ""avg_markout_1s"": 0.0, ""qty"": 0.0, ""samples"": 0}, ""taker_order"": {""adverse_fill_rate_1s"": 0.0, ""adverse_samples"": 0, ""avg_markout_1s"": 0.0, ""qty"": 0.0, ""samples"": 0}}",0.0,0.0,0.0,0.0,0,0,4,2,225.5,848,0.0,"{""agg_trade"": 0, ""depth_update"": 0, ""taker_order"": 0}","{""arrival_scheduled"": 4, ""arrived"": 4, ""cancel_acknowledged"": 0, ""cancel_requested"": 0, ""expired_unfilled_arrivals"": 0, ""immediate_fill_arrivals"": 0, ""rested_after_arrival"": 4, ""self_trade_prevented"": 0}",0,0.0,0.0,False,
27,9cb7554eeccebada,-0.11275,research_mm,0.25,99,0,0.0,0.0,0.0,0.0,0.0,0.0,"{""agg_trade"": {""adverse_fill_rate_1s"": 0.0, ""adverse_samples"": 0, ""avg_markout_1s"": 0.0, ""qty"": 0.0, ""samples"": 0}, ""depth_update"": {""adverse_fill_rate_1s"": 0.0, ""adverse_samples"": 0, ""avg_markout_1s"": 0.0, ""qty"": 0.0, ""samples"": 0}, ""taker_order"": {""adverse_fill_rate_1s"": 0.0, ""adverse_samples"": 0, ""avg_markout_1s"": 0.0, ""qty"": 0.0, ""samples"": 0}}",0.0,0.0,0.0,0.0,0,0,4,2,225.5,848,0.0,"{""agg_trade"": 0, ""depth_update"": 0, ""taker_order"": 0}","{""arrival_scheduled"": 4, ""arrived"": 4, ""cancel_acknowledged"": 0, ""cancel_requested"": 0, ""expired_unfilled_arrivals"": 0, ""immediate_fill_arrivals"": 0, ""rested_after_arrival"": 4, ""self_trade_prevented"": 0}",0,0.0,0.0,False,
